,list-card-link href,list-card-addr,list-card-type,list-card-price,list-card-details,list-card-label,list-card-details 2,list-card-label 2,list-card-details 3,list-card-label 3,list-card-variable-text,list-card-link src,list-card-save-content
"{""@type"":""SingleFamilyResidence"",""@context"":""http://schema.org"",""name"":""13341 126th St Fl 2nd, S Ozone Park, NY 11420"",""floorSize"":{""@type"":""QuantitativeValue"",""@context"":""http://schema.org""},""numberOfRooms"":2,""address"":{""@type"":""PostalAddress"",""@context"":""http://schema.org"",""streetAddress"":""13341 126th St FL 2ND"",""addressLocality"":""S Ozone Park"",""addressRegion"":""NY"",""postalCode"":""11420""},""geo"":{""@type"":""GeoCoordinates"",""@context"":""http://schema.org"",""latitude"":40.669812,""longitude"":-73.813065},""url"":""/homedetails/13341-126th-St-FL-2ND-S-Ozone-Park-NY-11420/2081910836_zpid/""}",https://www.zillow.com/homedetails/13341-126th-St-FL-2ND-S-Ozone-Park-NY-11420/2081910836_zpid/,"13341 126th St FL 2ND, S Ozone Park, NY 11420",Apartment for rent,"$1,900/mo",2,bds,1,ba,--,sqft,1 day ago,"https://maps.googleapis.com/maps/api/streetview?location=40.669812,-73.813065&size=575x242&key=AIzaSyBot9JtFX4Hqs-Ri6N3A8K1Rl5XZD3ssyI&signature=lgaucvvqVo18ulMKzTzAQHO5n_o=",Save this home
"{""@type"":""SingleFamilyResidence"",""@context"":""http://schema.org"",""name"":""13121 131st Ave, Jamaica, NY 11420"",""floorSize"":{""@type"":""QuantitativeValue"",""@context"":""http://schema.org"",""value"":""1,408""},""numberOfRooms"":4,""address"":{""@type"":""PostalAddress"",""@context"":""http://schema.org"",""streetAddress"":""13121 131st Ave"",""addressLocality"":""Jamaica"",""addressRegion"":""NY"",""postalCode"":""11420""},""geo"":{""@type"":""GeoCoordinates"",""@context"":""http://schema.org"",""latitude"":40.670964,""longitude"":-73.806654},""url"":""/homedetails/13121-131st-Ave-Jamaica-NY-11420/32177139_zpid/""}",https://www.zillow.com/homedetails/13121-131st-Ave-Jamaica-NY-11420/32177139_zpid/,"13121 131st Ave, Jamaica, NY 11420",House for rent,"$3,500/mo",4,bds,2,ba,"1,408",sqft,3 days ago,https://photos.zillowstatic.com/p_e/ISf0tagbntltg10000000000.jpg,Save this home
"{""@type"":""SingleFamilyResidence"",""@context"":""http://schema.org"",""name"":""11453 130th St, South Ozone Park, NY 11420"",""floorSize"":{""@type"":""QuantitativeValue"",""@context"":""http://schema.org""},""numberOfRooms"":1,""address"":{""@type"":""PostalAddress"",""@context"":""http://schema.org"",""streetAddress"":""11453 130th St"",""addressLocality"":""South Ozone Park"",""addressRegion"":""NY"",""postalCode"":""11420""},""geo"":{""@type"":""GeoCoordinates"",""@context"":""http://schema.org"",""latitude"":40.679659,""longitude"":-73.810825},""url"":""/homedetails/11453-130th-St-South-Ozone-Park-NY-11420/2081922557_zpid/""}",https://www.zillow.com/homedetails/11453-130th-St-South-Ozone-Park-NY-11420/2081922557_zpid/,"11453 130th St, South Ozone Park, NY 11420",Apartment for rent,"$1,400/mo",1,bd,1,ba,--,sqft,3 days ago,"https://maps.googleapis.com/maps/api/streetview?location=40.679659,-73.810825&size=575x242&key=AIzaSyBot9JtFX4Hqs-Ri6N3A8K1Rl5XZD3ssyI&signature=_iZxoPV6ms_TVLfrRorZpaaEvgM=",Save this home
"{""@type"":""SingleFamilyResidence"",""@context"":""http://schema.org"",""name"":""13523 128th St, Jamaica, NY 11420"",""floorSize"":{""@type"":""QuantitativeValue"",""@context"":""http://schema.org"",""value"":""1,500""},""numberOfRooms"":3,""address"":{""@type"":""PostalAddress"",""@context"":""http://schema.org"",""streetAddress"":""13523 128th St"",""addressLocality"":""Jamaica"",""addressRegion"":""NY"",""postalCode"":""11420""},""geo"":{""@type"":""GeoCoordinates"",""@context"":""http://schema.org"",""latitude"":40.668091,""longitude"":-73.811672},""url"":""/homedetails/13523-128th-St-Jamaica-NY-11420/32178993_zpid/""}",https://www.zillow.com/homedetails/13523-128th-St-Jamaica-NY-11420/32178993_zpid/,"13523 128th St, Jamaica, NY 11420",Apartment for rent,"$2,300/mo",3,bds,1,ba,"1,500",sqft,6 days ago,https://photos.zillowstatic.com/p_e/ISbdk1o206hdhh0000000000.jpg,Save this home
"{""@type"":""SingleFamilyResidence"",""@context"":""http://schema.org"",""name"":""Street S Ozone Park, South Ozone Park, NY 11420"",""floorSize"":{""@type"":""QuantitativeValue"",""@context"":""http://schema.org""},""numberOfRooms"":1,""address"":{""@type"":""PostalAddress"",""@context"":""http://schema.org"",""streetAddress"":""Street S Ozone Park"",""addressLocality"":""South Ozone Park"",""addressRegion"":""NY"",""postalCode"":""11420""},""geo"":{""@type"":""GeoCoordinates"",""@context"":""http://schema.org"",""latitude"":40.67368,""longitude"":-73.81698},""url"":""/homedetails/Street-S-Ozone-Park-South-Ozone-Park-NY-11420/2082754129_zpid/""}",https://www.zillow.com/homedetails/Street-S-Ozone-Park-South-Ozone-Park-NY-11420/2082754129_zpid/,"Street S Ozone Park, South Ozone Park, NY 11420",Apartment for rent,$800/mo,1,bd,1,ba,--,sqft,6 days ago,"https://maps.googleapis.com/maps/api/streetview?location=40.673680,-73.816980&size=575x242&key=AIzaSyBot9JtFX4Hqs-Ri6N3A8K1Rl5XZD3ssyI&signature=bxtPIoZQ1fZ2-JS3gxNNaMFGW4Y=",Save this home
"{""@type"":""SingleFamilyResidence"",""@context"":""http://schema.org"",""name"":""13042 Lefferts Blvd, Jamaica, NY 11420"",""floorSize"":{""@type"":""QuantitativeValue"",""@context"":""http://schema.org"",""value"":""1,619""},""numberOfRooms"":2,""address"":{""@type"":""PostalAddress"",""@context"":""http://schema.org"",""streetAddress"":""13042 Lefferts Blvd"",""addressLocality"":""Jamaica"",""addressRegion"":""NY"",""postalCode"":""11420""},""geo"":{""@type"":""GeoCoordinates"",""@context"":""http://schema.org"",""latitude"":40.672984,""longitude"":-73.820469},""url"":""/homedetails/13042-Lefferts-Blvd-Jamaica-NY-11420/32175625_zpid/""}",https://www.zillow.com/homedetails/13042-Lefferts-Blvd-Jamaica-NY-11420/32175625_zpid/,"13042 Lefferts Blvd, Jamaica, NY 11420",House for rent,"$1,800/mo",2,bds,1,ba,"1,619",sqft,6 days ago,https://photos.zillowstatic.com/p_e/ISforla1xk3b9f0000000000.jpg,Save this home
"{""@type"":""SingleFamilyResidence"",""@context"":""http://schema.org"",""name"":""13519 117th St Fl 2nd, South Ozone Park, NY 11420"",""floorSize"":{""@type"":""QuantitativeValue"",""@context"":""http://schema.org"",""value"":""1,200""},""numberOfRooms"":3,""address"":{""@type"":""PostalAddress"",""@context"":""http://schema.org"",""streetAddress"":""13519 117th St FL 2ND"",""addressLocality"":""South Ozone Park"",""addressRegion"":""NY"",""postalCode"":""11420""},""geo"":{""@type"":""GeoCoordinates"",""@context"":""http://schema.org"",""latitude"":40.670242,""longitude"":-73.822635},""url"":""/homedetails/13519-117th-St-FL-2ND-South-Ozone-Park-NY-11420/2081958990_zpid/""}",https://www.zillow.com/homedetails/13519-117th-St-FL-2ND-South-Ozone-Park-NY-11420/2081958990_zpid/,"13519 117th St FL 2ND, South Ozone Park, NY 11420",Apartment for rent,"$2,699/mo",3,bds,2,ba,"1,200",sqft,7 days ago,https://photos.zillowstatic.com/p_e/IS3fse2lc8ciyb1000000000.jpg,Save this home
"{""@type"":""SingleFamilyResidence"",""@context"":""http://schema.org"",""name"":""Street, South Ozone Park, NY 11420"",""floorSize"":{""@type"":""QuantitativeValue"",""@context"":""http://schema.org"",""value"":""1,312""},""numberOfRooms"":0,""address"":{""@type"":""PostalAddress"",""@context"":""http://schema.org"",""streetAddress"":""Street"",""addressLocality"":""South Ozone Park"",""addressRegion"":""NY"",""postalCode"":""11420""},""geo"":{""@type"":""GeoCoordinates"",""@context"":""http://schema.org"",""latitude"":40.67531,""longitude"":-73.80661},""url"":""/homedetails/Street-South-Ozone-Park-NY-11420/2081962670_zpid/""}",https://www.zillow.com/homedetails/Street-South-Ozone-Park-NY-11420/2081962670_zpid/,"Street, South Ozone Park, NY 11420",House for rent,"$1,100/mo",Studio,ba,1,sqft,"1,312",,7 days ago,https://photos.zillowstatic.com/p_e/IS725vau9lj7du1000000000.jpg,Save this home
"{""@type"":""SingleFamilyResidence"",""@context"":""http://schema.org"",""name"":""10930 120th St # 1, South Ozone Park, NY 11420"",""floorSize"":{""@type"":""QuantitativeValue"",""@context"":""http://schema.org"",""value"":""1,273""},""numberOfRooms"":3,""address"":{""@type"":""PostalAddress"",""@context"":""http://schema.org"",""streetAddress"":""10930 120th St # 1"",""addressLocality"":""South Ozone Park"",""addressRegion"":""NY"",""postalCode"":""11420""},""geo"":{""@type"":""GeoCoordinates"",""@context"":""http://schema.org"",""latitude"":40.681547,""longitude"":-73.821138},""url"":""/homedetails/10930-120th-St-1-South-Ozone-Park-NY-11420/2081974510_zpid/""}",https://www.zillow.com/homedetails/10930-120th-St-1-South-Ozone-Park-NY-11420/2081974510_zpid/,"10930 120th St # 1, South Ozone Park, NY 11420",Apartment for rent,"$2,400/mo",3,bds,1,ba,"1,273",sqft,8 days ago,https://photos.zillowstatic.com/p_e/ISf8nn8069b9t50000000000.jpg,Save this home
"{""@type"":""SingleFamilyResidence"",""@context"":""http://schema.org"",""name"":""Rockaway Blvd, South Ozone Park, NY 11420"",""floorSize"":{""@type"":""QuantitativeValue"",""@context"":""http://schema.org""},""numberOfRooms"":2,""address"":{""@type"":""PostalAddress"",""@context"":""http://schema.org"",""streetAddress"":""Rockaway Blvd"",""addressLocality"":""South Ozone Park"",""addressRegion"":""NY"",""postalCode"":""11420""},""geo"":{""@type"":""GeoCoordinates"",""@context"":""http://schema.org"",""latitude"":40.6775,""longitude"":-73.82758},""url"":""/homedetails/Rockaway-Blvd-South-Ozone-Park-NY-11420/2081979758_zpid/""}",https://www.zillow.com/homedetails/Rockaway-Blvd-South-Ozone-Park-NY-11420/2081979758_zpid/,"Rockaway Blvd, South Ozone Park, NY 11420",Apartment for rent,"$1,800/mo",2,bds,1,ba,--,sqft,8 days ago,https://photos.zillowstatic.com/p_e/ISbplq9x4yq1yo1000000000.jpg,Save this home
"{""@type"":""SingleFamilyResidence"",""@context"":""http://schema.org"",""name"":""134st Celler S, South Ozone Park, NY 11420"",""floorSize"":{""@type"":""QuantitativeValue"",""@context"":""http://schema.org""},""numberOfRooms"":1,""address"":{""@type"":""PostalAddress"",""@context"":""http://schema.org"",""streetAddress"":""134st Celler S"",""addressLocality"":""South Ozone Park"",""addressRegion"":""NY"",""postalCode"":""11420""},""geo"":{""@type"":""GeoCoordinates"",""@context"":""http://schema.org"",""latitude"":40.67368,""longitude"":-73.81698},""url"":""/homedetails/134st-Celler-S-South-Ozone-Park-NY-11420/2084815209_zpid/""}",https://www.zillow.com/homedetails/134st-Celler-S-South-Ozone-Park-NY-11420/2084815209_zpid/,"134st Celler S, South Ozone Park, NY 11420",Apartment for rent,"$1,200/mo",1,bd,1,ba,--,sqft,10 days ago,https://photos.zillowstatic.com/p_e/ISug8u7012f5k91000000000.jpg,Save this home
"{""@type"":""SingleFamilyResidence"",""@context"":""http://schema.org"",""name"":""131st St, Jamaica, NY 11420"",""floorSize"":{""@type"":""QuantitativeValue"",""@context"":""http://schema.org""},""numberOfRooms"":1,""address"":{""@type"":""PostalAddress"",""@context"":""http://schema.org"",""streetAddress"":""131st St"",""addressLocality"":""Jamaica"",""addressRegion"":""NY"",""postalCode"":""11420""},""geo"":{""@type"":""GeoCoordinates"",""@context"":""http://schema.org"",""latitude"":40.67777,""longitude"":-73.80989},""url"":""/homedetails/131st-St-Jamaica-NY-11420/2081997330_zpid/""}",https://www.zillow.com/homedetails/131st-St-Jamaica-NY-11420/2081997330_zpid/,"131st St, Jamaica, NY 11420",Apartment for rent,"$1,500/mo",1,bd,1,ba,--,sqft,10 days ago,"https://maps.googleapis.com/maps/api/streetview?location=40.677770,-73.809890&size=575x242&key=AIzaSyBot9JtFX4Hqs-Ri6N3A8K1Rl5XZD3ssyI&signature=S3XGrzOa2nwUxb3hiwQ_WWycFmY=",Save this home
"{""@type"":""SingleFamilyResidence"",""@context"":""http://schema.org"",""name"":""12041 132nd St, Jamaica, NY 11420"",""floorSize"":{""@type"":""QuantitativeValue"",""@context"":""http://schema.org"",""value"":""3,450""},""numberOfRooms"":3,""address"":{""@type"":""PostalAddress"",""@context"":""http://schema.org"",""streetAddress"":""12041 132nd St"",""addressLocality"":""Jamaica"",""addressRegion"":""NY"",""postalCode"":""11420""},""geo"":{""@type"":""GeoCoordinates"",""@context"":""http://schema.org"",""latitude"":40.673576,""longitude"":-73.806066},""url"":""/homedetails/12041-132nd-St-Jamaica-NY-11420/32176690_zpid/""}",https://www.zillow.com/homedetails/12041-132nd-St-Jamaica-NY-11420/32176690_zpid/,"12041 132nd St, Jamaica, NY 11420",Apartment for rent,"$2,300/mo",3,bds,1,ba,"3,450",sqft,12 days ago,https://photos.zillowstatic.com/p_e/ISbtghmivhb2zw0000000000.jpg,Save this home
"{""@type"":""SingleFamilyResidence"",""@context"":""http://schema.org"",""name"":""135th St, S Ozone Park, NY 11420"",""floorSize"":{""@type"":""QuantitativeValue"",""@context"":""http://schema.org""},""numberOfRooms"":3,""address"":{""@type"":""PostalAddress"",""@context"":""http://schema.org"",""streetAddress"":""135th St"",""addressLocality"":""S Ozone Park"",""addressRegion"":""NY"",""postalCode"":""11420""},""geo"":{""@type"":""GeoCoordinates"",""@context"":""http://schema.org"",""latitude"":40.66711,""longitude"":-73.80346},""url"":""/homedetails/135th-St-S-Ozone-Park-NY-11420/2082020057_zpid/""}",https://www.zillow.com/homedetails/135th-St-S-Ozone-Park-NY-11420/2082020057_zpid/,"135th St, S Ozone Park, NY 11420",Apartment for rent,"$2,300/mo",3,bds,2,ba,--,sqft,13 days ago,https://photos.zillowstatic.com/p_e/ISrtzsd7f5utjh1000000000.jpg,Save this home
"{""@type"":""SingleFamilyResidence"",""@context"":""http://schema.org"",""name"":""130th St, South Ozone Park, NY 11420"",""floorSize"":{""@type"":""QuantitativeValue"",""@context"":""http://schema.org""},""numberOfRooms"":3,""address"":{""@type"":""PostalAddress"",""@context"":""http://schema.org"",""streetAddress"":""130th St"",""addressLocality"":""South Ozone Park"",""addressRegion"":""NY"",""postalCode"":""11420""},""geo"":{""@type"":""GeoCoordinates"",""@context"":""http://schema.org"",""latitude"":40.67602,""longitude"":-73.80904},""url"":""/homedetails/130th-St-South-Ozone-Park-NY-11420/2082026718_zpid/""}",https://www.zillow.com/homedetails/130th-St-South-Ozone-Park-NY-11420/2082026718_zpid/,"130th St, South Ozone Park, NY 11420",House for rent,"$2,450/mo",3,bds,1,ba,--,sqft,13 days ago,https://photos.zillowstatic.com/p_e/IS3nigfrounkh30000000000.jpg,Save this home
,https://www.zillow.com/b/10943-135th-st-south-ozone-park-ny-97hJqx/,"10943 135th St, South Ozone Park, NY",For Rent,,"$2,000+",3 bds,,,,,14 days ago,https://photos.zillowstatic.com/p_e/IS7uyoz1lf0m151000000000.jpg,
"{""@type"":""SingleFamilyResidence"",""@context"":""http://schema.org"",""name"":""11608 132nd St, Jamaica, NY 11420"",""floorSize"":{""@type"":""QuantitativeValue"",""@context"":""http://schema.org"",""value"":""1,392""},""numberOfRooms"":3,""address"":{""@type"":""PostalAddress"",""@context"":""http://schema.org"",""streetAddress"":""11608 132nd St"",""addressLocality"":""Jamaica"",""addressRegion"":""NY"",""postalCode"":""11420""},""geo"":{""@type"":""GeoCoordinates"",""@context"":""http://schema.org"",""latitude"":40.677934,""longitude"":-73.80821},""url"":""/homedetails/11608-132nd-St-Jamaica-NY-11420/32174529_zpid/""}",https://www.zillow.com/homedetails/11608-132nd-St-Jamaica-NY-11420/32174529_zpid/,"11608 132nd St, Jamaica, NY 11420",House for rent,"$1,900/mo",3,bds,1,ba,"1,392",sqft,15 days ago,https://photos.zillowstatic.com/p_e/ISvkrrhamlrdaa1000000000.jpg,Save this home
"{""@type"":""SingleFamilyResidence"",""@context"":""http://schema.org"",""name"":""108th St, Jamaica, NY 11420"",""floorSize"":{""@type"":""QuantitativeValue"",""@context"":""http://schema.org""},""numberOfRooms"":1,""address"":{""@type"":""PostalAddress"",""@context"":""http://schema.org"",""streetAddress"":""108th St"",""addressLocality"":""Jamaica"",""addressRegion"":""NY"",""postalCode"":""11420""},""geo"":{""@type"":""GeoCoordinates"",""@context"":""http://schema.org"",""latitude"":40.67953,""longitude"":-73.83175},""url"":""/homedetails/108th-St-Jamaica-NY-11420/2082071759_zpid/""}",https://www.zillow.com/homedetails/108th-St-Jamaica-NY-11420/2082071759_zpid/,"108th St, Jamaica, NY 11420",House for rent,"$1,300/mo",1,bd,1,ba,--,sqft,17 days ago,https://photos.zillowstatic.com/p_e/IS7qfzv120bkid0000000000.jpg,Save this home
"{""@type"":""SingleFamilyResidence"",""@context"":""http://schema.org"",""name"":""13200 115th Ave Fl 2nd, South Ozone Park, NY 11420"",""floorSize"":{""@type"":""QuantitativeValue"",""@context"":""http://schema.org""},""numberOfRooms"":2,""address"":{""@type"":""PostalAddress"",""@context"":""http://schema.org"",""streetAddress"":""13200 115th Ave FL 2ND"",""addressLocality"":""South Ozone Park"",""addressRegion"":""NY"",""postalCode"":""11420""},""geo"":{""@type"":""GeoCoordinates"",""@context"":""http://schema.org"",""latitude"":40.680048,""longitude"":-73.808932},""url"":""/homedetails/13200-115th-Ave-FL-2ND-South-Ozone-Park-NY-11420/2082078391_zpid/""}",https://www.zillow.com/homedetails/13200-115th-Ave-FL-2ND-South-Ozone-Park-NY-11420/2082078391_zpid/,"13200 115th Ave FL 2ND, South Ozone Park, NY 11420",Apartment for rent,"$1,850/mo",2,bds,1,ba,--,sqft,18 days ago,https://photos.zillowstatic.com/p_e/ISnqiqcsm9gjy40000000000.jpg,Save this home
"{""@type"":""SingleFamilyResidence"",""@context"":""http://schema.org"",""name"":""10952 134th St, Jamaica, NY 11420"",""floorSize"":{""@type"":""QuantitativeValue"",""@context"":""http://schema.org"",""value"":""2,200""},""numberOfRooms"":3,""address"":{""@type"":""PostalAddress"",""@context"":""http://schema.org"",""streetAddress"":""10952 134th St"",""addressLocality"":""Jamaica"",""addressRegion"":""NY"",""postalCode"":""11420""},""geo"":{""@type"":""GeoCoordinates"",""@context"":""http://schema.org"",""latitude"":40.684777,""longitude"":-73.809556},""url"":""/homedetails/10952-134th-St-Jamaica-NY-11420/32171746_zpid/""}",https://www.zillow.com/homedetails/10952-134th-St-Jamaica-NY-11420/32171746_zpid/,"10952 134th St, Jamaica, NY 11420",Apartment for rent,"$2,400/mo",3,bds,1,ba,"2,200",sqft,20 days ago,https://photos.zillowstatic.com/p_e/ISr5tblwqtoh8t0000000000.jpg,Save this home
"{""@type"":""SingleFamilyResidence"",""@context"":""http://schema.org"",""name"":""11550 134th St Fl 2nd, S Ozone Park, NY 11420"",""floorSize"":{""@type"":""QuantitativeValue"",""@context"":""http://schema.org""},""numberOfRooms"":1,""address"":{""@type"":""PostalAddress"",""@context"":""http://schema.org"",""streetAddress"":""11550 134th St FL 2ND"",""addressLocality"":""S Ozone Park"",""addressRegion"":""NY"",""postalCode"":""11420""},""geo"":{""@type"":""GeoCoordinates"",""@context"":""http://schema.org"",""latitude"":40.67911,""longitude"":-73.806781},""url"":""/homedetails/11550-134th-St-FL-2ND-S-Ozone-Park-NY-11420/2082095767_zpid/""}",https://www.zillow.com/homedetails/11550-134th-St-FL-2ND-S-Ozone-Park-NY-11420/2082095767_zpid/,"11550 134th St FL 2ND, S Ozone Park, NY 11420",Apartment for rent,"$1,600/mo",1,bd,1,ba,--,sqft,20 days ago,https://photos.zillowstatic.com/p_e/ISfwdgzobbh6tq1000000000.jpg,Save this home
"{""@type"":""SingleFamilyResidence"",""@context"":""http://schema.org"",""name"":""132nd St, Jamaica, NY 11420"",""floorSize"":{""@type"":""QuantitativeValue"",""@context"":""http://schema.org"",""value"":""1,419""},""numberOfRooms"":3,""address"":{""@type"":""PostalAddress"",""@context"":""http://schema.org"",""streetAddress"":""132nd St"",""addressLocality"":""Jamaica"",""addressRegion"":""NY"",""postalCode"":""11420""},""geo"":{""@type"":""GeoCoordinates"",""@context"":""http://schema.org"",""latitude"":40.67222,""longitude"":-73.80637},""url"":""/homedetails/132nd-St-Jamaica-NY-11420/2082106972_zpid/""}",https://www.zillow.com/homedetails/132nd-St-Jamaica-NY-11420/2082106972_zpid/,"132nd St, Jamaica, NY 11420",House for rent,"$2,000/mo",3,bds,2,ba,"1,419",sqft,21 days ago,https://photos.zillowstatic.com/p_e/ISn6bvn7s6i3l50000000000.jpg,Save this home
"{""@type"":""SingleFamilyResidence"",""@context"":""http://schema.org"",""name"":""13311 123rd St # Wh, South Ozone Park, NY 11420"",""floorSize"":{""@type"":""QuantitativeValue"",""@context"":""http://schema.org"",""value"":""2,000""},""numberOfRooms"":3,""address"":{""@type"":""PostalAddress"",""@context"":""http://schema.org"",""streetAddress"":""13311 123rd St # WH"",""addressLocality"":""South Ozone Park"",""addressRegion"":""NY"",""postalCode"":""11420""},""geo"":{""@type"":""GeoCoordinates"",""@context"":""http://schema.org"",""latitude"":40.671107,""longitude"":-73.81553},""url"":""/homedetails/13311-123rd-St-WH-South-Ozone-Park-NY-11420/2082116583_zpid/""}",https://www.zillow.com/homedetails/13311-123rd-St-WH-South-Ozone-Park-NY-11420/2082116583_zpid/,"13311 123rd St # WH, South Ozone Park, NY 11420",Apartment for rent,"$4,500/mo",3,bds,2.5,ba,"2,000",sqft,21 days ago,https://photos.zillowstatic.com/p_e/ISb56xkbcowwqm0000000000.jpg,Save this home
"{""@type"":""SingleFamilyResidence"",""@context"":""http://schema.org"",""name"":""150th Ave, Jamaica, NY 11420"",""floorSize"":{""@type"":""QuantitativeValue"",""@context"":""http://schema.org"",""value"":""1,800""},""numberOfRooms"":3,""address"":{""@type"":""PostalAddress"",""@context"":""http://schema.org"",""streetAddress"":""150th Ave"",""addressLocality"":""Jamaica"",""addressRegion"":""NY"",""postalCode"":""11420""},""geo"":{""@type"":""GeoCoordinates"",""@context"":""http://schema.org"",""latitude"":40.66725,""longitude"":-73.82387},""url"":""/homedetails/150th-Ave-Jamaica-NY-11420/2082118814_zpid/""}",https://www.zillow.com/homedetails/150th-Ave-Jamaica-NY-11420/2082118814_zpid/,"150th Ave, Jamaica, NY 11420",House for rent,"$2,750/mo",3,bds,2,ba,"1,800",sqft,21 days ago,"https://maps.googleapis.com/maps/api/streetview?location=40.667250,-73.823870&size=575x242&key=AIzaSyBot9JtFX4Hqs-Ri6N3A8K1Rl5XZD3ssyI&signature=CJma1KMraJlr-OPQ4Cq3HjhXdP8=",Save this home
"{""@type"":""SingleFamilyResidence"",""@context"":""http://schema.org"",""name"":""15019 129th St # 1, South Ozone Park, NY 11420"",""floorSize"":{""@type"":""QuantitativeValue"",""@context"":""http://schema.org""},""numberOfRooms"":3,""address"":{""@type"":""PostalAddress"",""@context"":""http://schema.org"",""streetAddress"":""15019 129th St # 1"",""addressLocality"":""South Ozone Park"",""addressRegion"":""NY"",""postalCode"":""11420""},""geo"":{""@type"":""GeoCoordinates"",""@context"":""http://schema.org"",""latitude"":40.664535,""longitude"":-73.812124},""url"":""/homedetails/15019-129th-St-1-South-Ozone-Park-NY-11420/2082123820_zpid/""}",https://www.zillow.com/homedetails/15019-129th-St-1-South-Ozone-Park-NY-11420/2082123820_zpid/,"15019 129th St # 1, South Ozone Park, NY 11420",Apartment for rent,"$2,300/mo",3,bds,1,ba,--,sqft,22 days ago,"https://maps.googleapis.com/maps/api/streetview?location=40.664535,-73.812124&size=575x242&key=AIzaSyBot9JtFX4Hqs-Ri6N3A8K1Rl5XZD3ssyI&signature=hLe3hvUqoyOViCaRgEBHC_q3iHo=",Save this home
"{""@type"":""SingleFamilyResidence"",""@context"":""http://schema.org"",""name"":""13001 116th Ave, Jamaica, NY 11420"",""floorSize"":{""@type"":""QuantitativeValue"",""@context"":""http://schema.org"",""value"":""1,572""},""numberOfRooms"":3,""address"":{""@type"":""PostalAddress"",""@context"":""http://schema.org"",""streetAddress"":""13001 116th Ave"",""addressLocality"":""Jamaica"",""addressRegion"":""NY"",""postalCode"":""11420""},""geo"":{""@type"":""GeoCoordinates"",""@context"":""http://schema.org"",""latitude"":40.678061,""longitude"":-73.809828},""url"":""/homedetails/13001-116th-Ave-Jamaica-NY-11420/32174081_zpid/""}",https://www.zillow.com/homedetails/13001-116th-Ave-Jamaica-NY-11420/32174081_zpid/,"13001 116th Ave, Jamaica, NY 11420",House for rent,"$2,400/mo",3,bds,1,ba,"1,572",sqft,25 days ago,https://photos.zillowstatic.com/p_e/IS7i5eufzbh42m0000000000.jpg,Save this home
"{""@type"":""SingleFamilyResidence"",""@context"":""http://schema.org"",""name"":""149 116th St # 149, South Ozone Park, NY 11420"",""floorSize"":{""@type"":""QuantitativeValue"",""@context"":""http://schema.org"",""value"":""2,000""},""numberOfRooms"":3,""address"":{""@type"":""PostalAddress"",""@context"":""http://schema.org"",""streetAddress"":""149 116th St # 149"",""addressLocality"":""South Ozone Park"",""addressRegion"":""NY"",""postalCode"":""11420""},""geo"":{""@type"":""GeoCoordinates"",""@context"":""http://schema.org"",""latitude"":40.679421,""longitude"":-73.823403},""url"":""/homedetails/149-116th-St-149-South-Ozone-Park-NY-11420/2082511094_zpid/""}",https://www.zillow.com/homedetails/149-116th-St-149-South-Ozone-Park-NY-11420/2082511094_zpid/,"149 116th St # 149, South Ozone Park, NY 11420",Apartment for rent,"$2,800/mo",3,bds,1,ba,"2,000",sqft,27 days ago,"https://maps.googleapis.com/maps/api/streetview?location=40.679421,-73.823403&size=575x242&key=AIzaSyBot9JtFX4Hqs-Ri6N3A8K1Rl5XZD3ssyI&signature=wCuO47mZZzfeVc02gnqaePpqBa0=",Save this home
,"https://www.zillow.com/b/115-Ave-134-St-South-Ozone-Park-NY/40.673349,-73.817614_ll/","115 Ave 134 St, South Ozone Park, NY",For Rent,,"$1,500",2 bds,"$2,800",3 bds,,,28 days ago,https://photos.zillowstatic.com/p_e/ISv4j6zx7f4kod1000000000.jpg,
"{""@type"":""SingleFamilyResidence"",""@context"":""http://schema.org"",""name"":""120th St, South Ozone Park, NY 11420"",""floorSize"":{""@type"":""QuantitativeValue"",""@context"":""http://schema.org"",""value"":""1,000""},""numberOfRooms"":2,""address"":{""@type"":""PostalAddress"",""@context"":""http://schema.org"",""streetAddress"":""120th St"",""addressLocality"":""South Ozone Park"",""addressRegion"":""NY"",""postalCode"":""11420""},""geo"":{""@type"":""GeoCoordinates"",""@context"":""http://schema.org"",""latitude"":40.68051,""longitude"":-73.82133},""url"":""/homedetails/120th-St-South-Ozone-Park-NY-11420/2082201823_zpid/""}",https://www.zillow.com/homedetails/120th-St-South-Ozone-Park-NY-11420/2082201823_zpid/,"120th St, South Ozone Park, NY 11420",Apartment for rent,"$2,200/mo",2,bds,1,ba,"1,000",sqft,28 days ago,https://photos.zillowstatic.com/p_e/IS7ue9iuc0w4ze1000000000.jpg,Save this home
"{""@type"":""SingleFamilyResidence"",""@context"":""http://schema.org"",""name"":""109th Avenue # 1 St Floor, Queens, NY 11420"",""floorSize"":{""@type"":""QuantitativeValue"",""@context"":""http://schema.org""},""numberOfRooms"":3,""address"":{""@type"":""PostalAddress"",""@context"":""http://schema.org"",""streetAddress"":""109th Avenue # 1 St Floor"",""addressLocality"":""Queens"",""addressRegion"":""NY"",""postalCode"":""11420""},""geo"":{""@type"":""GeoCoordinates"",""@context"":""http://schema.org"",""latitude"":40.682748,""longitude"":-73.820427},""url"":""/homedetails/109th-Avenue-1-St-Floor-Queens-NY-11420/2098262123_zpid/""}",https://www.zillow.com/homedetails/109th-Avenue-1-St-Floor-Queens-NY-11420/2098262123_zpid/,"109th Avenue # 1 St Floor, Queens, NY 11420",Apartment for rent,"$2,100/mo",3,bds,1,ba,--,sqft,28 days ago,"https://maps.googleapis.com/maps/api/streetview?location=40.682748,-73.820427&size=575x242&key=AIzaSyBot9JtFX4Hqs-Ri6N3A8K1Rl5XZD3ssyI&signature=u3QziT6xilLSy4LS4XMVid8UGhM=",Save this home
"{""@type"":""SingleFamilyResidence"",""@context"":""http://schema.org"",""name"":""131st St, South Ozone Park, NY 11420"",""floorSize"":{""@type"":""QuantitativeValue"",""@context"":""http://schema.org""},""numberOfRooms"":3,""address"":{""@type"":""PostalAddress"",""@context"":""http://schema.org"",""streetAddress"":""131st St"",""addressLocality"":""South Ozone Park"",""addressRegion"":""NY"",""postalCode"":""11420""},""geo"":{""@type"":""GeoCoordinates"",""@context"":""http://schema.org"",""latitude"":40.67222,""longitude"":-73.80745},""url"":""/homedetails/131st-St-South-Ozone-Park-NY-11420/2082204341_zpid/""}",https://www.zillow.com/homedetails/131st-St-South-Ozone-Park-NY-11420/2082204341_zpid/,"131st St, South Ozone Park, NY 11420",Apartment for rent,"$2,500/mo",3,bds,2,ba,--,sqft,28 days ago,"https://maps.googleapis.com/maps/api/streetview?location=40.672220,-73.807450&size=575x242&key=AIzaSyBot9JtFX4Hqs-Ri6N3A8K1Rl5XZD3ssyI&signature=CbliyFskGPxwEh3JyIe2gjrmxDk=",Save this home
,https://www.zillow.com/b/13519-125th-st-south-ozone-park-ny-BbSKHC/,"13519 125th St, South Ozone Park, NY",For Rent,,"$1,800+",2 bds,,,,,34 days ago,https://photos.zillowstatic.com/p_e/ISrtn3elm97nnq0000000000.jpg,
"{""@type"":""SingleFamilyResidence"",""@context"":""http://schema.org"",""name"":""11410 149th Ave # 2, South Ozone Park, NY 11420"",""floorSize"":{""@type"":""QuantitativeValue"",""@context"":""http://schema.org""},""numberOfRooms"":2,""address"":{""@type"":""PostalAddress"",""@context"":""http://schema.org"",""streetAddress"":""11410 149th Ave # 2"",""addressLocality"":""South Ozone Park"",""addressRegion"":""NY"",""postalCode"":""11420""},""geo"":{""@type"":""GeoCoordinates"",""@context"":""http://schema.org"",""latitude"":40.66941,""longitude"":-73.826622},""url"":""/homedetails/11410-149th-Ave-2-South-Ozone-Park-NY-11420/2082281051_zpid/""}",https://www.zillow.com/homedetails/11410-149th-Ave-2-South-Ozone-Park-NY-11420/2082281051_zpid/,"11410 149th Ave # 2, South Ozone Park, NY 11420",Apartment for rent,"$2,000/mo",2,bds,1,ba,--,sqft,35 days ago,"https://maps.googleapis.com/maps/api/streetview?location=40.669410,-73.826622&size=575x242&key=AIzaSyBot9JtFX4Hqs-Ri6N3A8K1Rl5XZD3ssyI&signature=08K7dukEVkPdUqorSfOu-4B5P3w=",Save this home
"{""@type"":""SingleFamilyResidence"",""@context"":""http://schema.org"",""name"":""14900 120th St, S Ozone Park, NY 11420"",""floorSize"":{""@type"":""QuantitativeValue"",""@context"":""http://schema.org""},""numberOfRooms"":3,""address"":{""@type"":""PostalAddress"",""@context"":""http://schema.org"",""streetAddress"":""14900 120th St"",""addressLocality"":""S Ozone Park"",""addressRegion"":""NY"",""postalCode"":""11420""},""geo"":{""@type"":""GeoCoordinates"",""@context"":""http://schema.org"",""latitude"":40.674614,""longitude"":-73.81831},""url"":""/homedetails/14900-120th-St-S-Ozone-Park-NY-11420/2082305664_zpid/""}",https://www.zillow.com/homedetails/14900-120th-St-S-Ozone-Park-NY-11420/2082305664_zpid/,"14900 120th St, S Ozone Park, NY 11420",House for rent,"$3,000/mo",3,bds,2,ba,--,sqft,37 days ago,https://photos.zillowstatic.com/p_e/ISj3ir5l5gd60t0000000000.jpg,Save this home
"{""@type"":""SingleFamilyResidence"",""@context"":""http://schema.org"",""name"":""13041 127th St # 2, S Ozone Park, NY 11420"",""floorSize"":{""@type"":""QuantitativeValue"",""@context"":""http://schema.org""},""numberOfRooms"":2,""address"":{""@type"":""PostalAddress"",""@context"":""http://schema.org"",""streetAddress"":""13041 127th St # 2"",""addressLocality"":""S Ozone Park"",""addressRegion"":""NY"",""postalCode"":""11420""},""geo"":{""@type"":""GeoCoordinates"",""@context"":""http://schema.org"",""latitude"":40.671405,""longitude"":-73.811606},""url"":""/homedetails/13041-127th-St-2-S-Ozone-Park-NY-11420/2082375487_zpid/""}",https://www.zillow.com/homedetails/13041-127th-St-2-S-Ozone-Park-NY-11420/2082375487_zpid/,"13041 127th St # 2, S Ozone Park, NY 11420",Apartment for rent,"$1,900/mo",2,bds,1,ba,--,sqft,44 days ago,https://photos.zillowstatic.com/p_e/ISnygybe1wpkrl0000000000.jpg,Save this home
"{""@type"":""SingleFamilyResidence"",""@context"":""http://schema.org"",""name"":""132nd St, South Ozone Park, NY 11420"",""floorSize"":{""@type"":""QuantitativeValue"",""@context"":""http://schema.org""},""numberOfRooms"":3,""address"":{""@type"":""PostalAddress"",""@context"":""http://schema.org"",""streetAddress"":""132nd St"",""addressLocality"":""South Ozone Park"",""addressRegion"":""NY"",""postalCode"":""11420""},""geo"":{""@type"":""GeoCoordinates"",""@context"":""http://schema.org"",""latitude"":40.68354,""longitude"":-73.81065},""url"":""/homedetails/132nd-St-South-Ozone-Park-NY-11420/2082379722_zpid/""}",https://www.zillow.com/homedetails/132nd-St-South-Ozone-Park-NY-11420/2082379722_zpid/,"132nd St, South Ozone Park, NY 11420",House for rent,"$2,000/mo",3,bds,1,ba,--,sqft,44 days ago,https://photos.zillowstatic.com/p_e/ISbh7e4bxhrdyc1000000000.jpg,Save this home
"{""@type"":""SingleFamilyResidence"",""@context"":""http://schema.org"",""name"":""10938 120th St, Jamaica, NY 11420"",""floorSize"":{""@type"":""QuantitativeValue"",""@context"":""http://schema.org"",""value"":""2,412""},""numberOfRooms"":2,""address"":{""@type"":""PostalAddress"",""@context"":""http://schema.org"",""streetAddress"":""10938 120th St"",""addressLocality"":""Jamaica"",""addressRegion"":""NY"",""postalCode"":""11420""},""geo"":{""@type"":""GeoCoordinates"",""@context"":""http://schema.org"",""latitude"":40.681359,""longitude"":-73.821046},""url"":""/homedetails/10938-120th-St-Jamaica-NY-11420/32171230_zpid/""}",https://www.zillow.com/homedetails/10938-120th-St-Jamaica-NY-11420/32171230_zpid/,"10938 120th St, Jamaica, NY 11420",House for rent,"$1,950/mo",2,bds,1,ba,"2,412",sqft,48 days ago,https://photos.zillowstatic.com/p_e/IS7uyksx5qibd50000000000.jpg,Save this home
"{""@type"":""SingleFamilyResidence"",""@context"":""http://schema.org"",""name"":""11156 128th St Fl 2nd, S Ozone Park, NY 11420"",""floorSize"":{""@type"":""QuantitativeValue"",""@context"":""http://schema.org""},""numberOfRooms"":1,""address"":{""@type"":""PostalAddress"",""@context"":""http://schema.org"",""streetAddress"":""11156 128th St FL 2ND"",""addressLocality"":""S Ozone Park"",""addressRegion"":""NY"",""postalCode"":""11420""},""geo"":{""@type"":""GeoCoordinates"",""@context"":""http://schema.org"",""latitude"":40.681249,""longitude"":-73.812988},""url"":""/homedetails/11156-128th-St-FL-2ND-S-Ozone-Park-NY-11420/2082467241_zpid/""}",https://www.zillow.com/homedetails/11156-128th-St-FL-2ND-S-Ozone-Park-NY-11420/2082467241_zpid/,"11156 128th St FL 2ND, S Ozone Park, NY 11420",Apartment for rent,"$1,550/mo",1,bd,1,ba,--,sqft,52 days ago,"https://maps.googleapis.com/maps/api/streetview?location=40.681249,-73.812988&size=575x242&key=AIzaSyBot9JtFX4Hqs-Ri6N3A8K1Rl5XZD3ssyI&signature=QXN61lLo9121rs8cI_kvqMF75mE=",Save this home
"{""@type"":""SingleFamilyResidence"",""@context"":""http://schema.org"",""name"":""11604 Rockaway Blvd, South Ozone Park, NY 11420"",""floorSize"":{""@type"":""QuantitativeValue"",""@context"":""http://schema.org"",""value"":""3,000""},""numberOfRooms"":2,""address"":{""@type"":""PostalAddress"",""@context"":""http://schema.org"",""streetAddress"":""11604 Rockaway Blvd"",""addressLocality"":""South Ozone Park"",""addressRegion"":""NY"",""postalCode"":""11420""},""geo"":{""@type"":""GeoCoordinates"",""@context"":""http://schema.org"",""latitude"":40.676274,""longitude"":-73.821799},""url"":""/homedetails/11604-Rockaway-Blvd-South-Ozone-Park-NY-11420/2128794291_zpid/""}",https://www.zillow.com/homedetails/11604-Rockaway-Blvd-South-Ozone-Park-NY-11420/2128794291_zpid/,"11604 Rockaway Blvd, South Ozone Park, NY 11420",Apartment for rent,"$1,800/mo",2,bds,1,ba,"3,000",sqft,56 days ago,https://photos.zillowstatic.com/p_e/IS3naq5k54wb0j1000000000.jpg,Save this home
"{""@type"":""SingleFamilyResidence"",""@context"":""http://schema.org"",""name"":""11511 109th Ave # 2, S Ozone Park, NY 11420"",""floorSize"":{""@type"":""QuantitativeValue"",""@context"":""http://schema.org"",""value"":""1,408""},""numberOfRooms"":2,""address"":{""@type"":""PostalAddress"",""@context"":""http://schema.org"",""streetAddress"":""11511 109th Ave # 2"",""addressLocality"":""S Ozone Park"",""addressRegion"":""NY"",""postalCode"":""11420""},""geo"":{""@type"":""GeoCoordinates"",""@context"":""http://schema.org"",""latitude"":40.681649,""longitude"":-73.825193},""url"":""/homedetails/11511-109th-Ave-2-S-Ozone-Park-NY-11420/2082527862_zpid/""}",https://www.zillow.com/homedetails/11511-109th-Ave-2-S-Ozone-Park-NY-11420/2082527862_zpid/,"11511 109th Ave # 2, S Ozone Park, NY 11420",Condo for rent,"$2,100/mo",2,bds,1,ba,"1,408",sqft,56 days ago,https://photos.zillowstatic.com/p_e/IS76ow36cbaij60000000000.jpg,Save this home
"{""@type"":""SingleFamilyResidence"",""@context"":""http://schema.org"",""name"":""111th Ave, South Ozone Park, NY 11420"",""floorSize"":{""@type"":""QuantitativeValue"",""@context"":""http://schema.org"",""value"":""1,100""},""numberOfRooms"":3,""address"":{""@type"":""PostalAddress"",""@context"":""http://schema.org"",""streetAddress"":""111th Ave"",""addressLocality"":""South Ozone Park"",""addressRegion"":""NY"",""postalCode"":""11420""},""geo"":{""@type"":""GeoCoordinates"",""@context"":""http://schema.org"",""latitude"":40.68275,""longitude"":-73.81342},""url"":""/homedetails/111th-Ave-South-Ozone-Park-NY-11420/2082557491_zpid/""}",https://www.zillow.com/homedetails/111th-Ave-South-Ozone-Park-NY-11420/2082557491_zpid/,"111th Ave, South Ozone Park, NY 11420",Apartment for rent,"$2,100/mo",3,bds,1,ba,"1,100",sqft,59 days ago,https://photos.zillowstatic.com/p_e/ISjzmcyjncsvpb1000000000.jpg,Save this home
"{""@type"":""SingleFamilyResidence"",""@context"":""http://schema.org"",""name"":""11153 128th St # 3, Jamaica, NY 11420"",""floorSize"":{""@type"":""QuantitativeValue"",""@context"":""http://schema.org"",""value"":""1,100""},""numberOfRooms"":3,""address"":{""@type"":""PostalAddress"",""@context"":""http://schema.org"",""streetAddress"":""11153 128th St # 3"",""addressLocality"":""Jamaica"",""addressRegion"":""NY"",""postalCode"":""11420""},""geo"":{""@type"":""GeoCoordinates"",""@context"":""http://schema.org"",""latitude"":40.68133,""longitude"":-73.812404},""url"":""/homedetails/11153-128th-St-3-Jamaica-NY-11420/2082557634_zpid/""}",https://www.zillow.com/homedetails/11153-128th-St-3-Jamaica-NY-11420/2082557634_zpid/,"11153 128th St # 3, Jamaica, NY 11420",Apartment for rent,"$2,100/mo",3,bds,1,ba,"1,100",sqft,59 days ago,"https://maps.googleapis.com/maps/api/streetview?location=40.681330,-73.812404&size=575x242&key=AIzaSyBot9JtFX4Hqs-Ri6N3A8K1Rl5XZD3ssyI&signature=WrW6TF_ffgCHVlPoIpMTQND6oCg=",Save this home
"{""@type"":""SingleFamilyResidence"",""@context"":""http://schema.org"",""name"":""128th St, Jamaica, NY 11420"",""floorSize"":{""@type"":""QuantitativeValue"",""@context"":""http://schema.org""},""numberOfRooms"":3,""address"":{""@type"":""PostalAddress"",""@context"":""http://schema.org"",""streetAddress"":""128th St"",""addressLocality"":""Jamaica"",""addressRegion"":""NY"",""postalCode"":""11420""},""geo"":{""@type"":""GeoCoordinates"",""@context"":""http://schema.org"",""latitude"":40.68275,""longitude"":-73.81342},""url"":""/homedetails/128th-St-Jamaica-NY-11420/2088955076_zpid/""}",https://www.zillow.com/homedetails/128th-St-Jamaica-NY-11420/2088955076_zpid/,"128th St, Jamaica, NY 11420",Apartment for rent,"$2,100/mo",3,bds,1,ba,--,sqft,60 days ago,https://photos.zillowstatic.com/p_e/IS6i9twi4raqkt0000000000.jpg,Save this home
"{""@type"":""SingleFamilyResidence"",""@context"":""http://schema.org"",""name"":""12807 Sutter Ave # 2fl, Jamaica, NY 11420"",""floorSize"":{""@type"":""QuantitativeValue"",""@context"":""http://schema.org"",""value"":""1,200""},""numberOfRooms"":3,""address"":{""@type"":""PostalAddress"",""@context"":""http://schema.org"",""streetAddress"":""12807 Sutter Ave # 2FL"",""addressLocality"":""Jamaica"",""addressRegion"":""NY"",""postalCode"":""11420""},""geo"":{""@type"":""GeoCoordinates"",""@context"":""http://schema.org"",""latitude"":40.672701,""longitude"":-73.81019},""url"":""/homedetails/12807-Sutter-Ave-2FL-Jamaica-NY-11420/2082567912_zpid/""}",https://www.zillow.com/homedetails/12807-Sutter-Ave-2FL-Jamaica-NY-11420/2082567912_zpid/,"12807 Sutter Ave # 2FL, Jamaica, NY 11420",Apartment for rent,"$2,200/mo",3,bds,1,ba,"1,200",sqft,61 days ago,https://photos.zillowstatic.com/p_e/IS7ip98juilcrt0000000000.jpg,Save this home
"{""@type"":""SingleFamilyResidence"",""@context"":""http://schema.org"",""name"":""11015 Rockaway Blvd, Jamaica, NY 11420"",""floorSize"":{""@type"":""QuantitativeValue"",""@context"":""http://schema.org"",""value"":""2,692""},""numberOfRooms"":3,""address"":{""@type"":""PostalAddress"",""@context"":""http://schema.org"",""streetAddress"":""11015 Rockaway Blvd"",""addressLocality"":""Jamaica"",""addressRegion"":""NY"",""postalCode"":""11420""},""geo"":{""@type"":""GeoCoordinates"",""@context"":""http://schema.org"",""latitude"":40.677784,""longitude"":-73.828176},""url"":""/homedetails/11015-Rockaway-Blvd-Jamaica-NY-11420/32169385_zpid/""}",https://www.zillow.com/homedetails/11015-Rockaway-Blvd-Jamaica-NY-11420/32169385_zpid/,"11015 Rockaway Blvd, Jamaica, NY 11420",House for rent,"$2,500/mo",3,bds,1,ba,"2,692",sqft,63 days ago,https://photos.zillowstatic.com/p_e/ISvwgf22brir1v1000000000.jpg,Save this home
"{""@type"":""SingleFamilyResidence"",""@context"":""http://schema.org"",""name"":""10959 134th St, South Ozone Park, NY 11420"",""floorSize"":{""@type"":""QuantitativeValue"",""@context"":""http://schema.org"",""value"":""2,174""},""numberOfRooms"":3,""address"":{""@type"":""PostalAddress"",""@context"":""http://schema.org"",""streetAddress"":""10959 134th St"",""addressLocality"":""South Ozone Park"",""addressRegion"":""NY"",""postalCode"":""11420""},""geo"":{""@type"":""GeoCoordinates"",""@context"":""http://schema.org"",""latitude"":40.685049,""longitude"":-73.809288},""url"":""/homedetails/10959-134th-St-South-Ozone-Park-NY-11420/2146791996_zpid/""}",https://www.zillow.com/homedetails/10959-134th-St-South-Ozone-Park-NY-11420/2146791996_zpid/,"10959 134th St, South Ozone Park, NY 11420",Apartment for rent,"$2,500/mo",3,bds,2,ba,"2,174",sqft,64 days ago,https://photos.zillowstatic.com/p_e/ISbpl6qs8uv7yr0000000000.jpg,Save this home
"{""@type"":""SingleFamilyResidence"",""@context"":""http://schema.org"",""name"":""133rd St, Jamaica, NY 11420"",""floorSize"":{""@type"":""QuantitativeValue"",""@context"":""http://schema.org"",""value"":""1,344""},""numberOfRooms"":3,""address"":{""@type"":""PostalAddress"",""@context"":""http://schema.org"",""streetAddress"":""133rd St"",""addressLocality"":""Jamaica"",""addressRegion"":""NY"",""postalCode"":""11420""},""geo"":{""@type"":""GeoCoordinates"",""@context"":""http://schema.org"",""latitude"":40.67061,""longitude"":-73.80557},""url"":""/homedetails/133rd-St-Jamaica-NY-11420/2091698389_zpid/""}",https://www.zillow.com/homedetails/133rd-St-Jamaica-NY-11420/2091698389_zpid/,"133rd St, Jamaica, NY 11420",House for rent,"$3,100/mo",3,bds,2,ba,"1,344",sqft,65 days ago,https://photos.zillowstatic.com/p_e/ISbt0pxj425wz30000000000.jpg,Save this home
"{""@type"":""SingleFamilyResidence"",""@context"":""http://schema.org"",""name"":""11407 150th Ave, Jamaica, NY 11420"",""floorSize"":{""@type"":""QuantitativeValue"",""@context"":""http://schema.org"",""value"":""1,776""},""numberOfRooms"":2,""address"":{""@type"":""PostalAddress"",""@context"":""http://schema.org"",""streetAddress"":""11407 150th Ave"",""addressLocality"":""Jamaica"",""addressRegion"":""NY"",""postalCode"":""11420""},""geo"":{""@type"":""GeoCoordinates"",""@context"":""http://schema.org"",""latitude"":40.668085,""longitude"":-73.827126},""url"":""/homedetails/11407-150th-Ave-Jamaica-NY-11420/32178374_zpid/""}",https://www.zillow.com/homedetails/11407-150th-Ave-Jamaica-NY-11420/32178374_zpid/,"11407 150th Ave, Jamaica, NY 11420",House for rent,"$3,000/mo",2,bds,1,ba,"1,776",sqft,68 days ago,https://photos.zillowstatic.com/p_e/ISrheouo6clvy81000000000.jpg,Save this home
"{""@type"":""SingleFamilyResidence"",""@context"":""http://schema.org"",""name"":""116th St, South Ozone Park, NY 11420"",""floorSize"":{""@type"":""QuantitativeValue"",""@context"":""http://schema.org"",""value"":""1,000""},""numberOfRooms"":1,""address"":{""@type"":""PostalAddress"",""@context"":""http://schema.org"",""streetAddress"":""116th St"",""addressLocality"":""South Ozone Park"",""addressRegion"":""NY"",""postalCode"":""11420""},""geo"":{""@type"":""GeoCoordinates"",""@context"":""http://schema.org"",""latitude"":40.67467,""longitude"":-73.82252},""url"":""/homedetails/116th-St-South-Ozone-Park-NY-11420/2088682990_zpid/""}",https://www.zillow.com/homedetails/116th-St-South-Ozone-Park-NY-11420/2088682990_zpid/,"116th St, South Ozone Park, NY 11420",House for rent,"$1,500/mo",1,bd,1,ba,"1,000",sqft,69 days ago,"data:image/gif;base64,R0lGODlhAQABAIAAAAAAAP///yH5BAEAAAAALAAAAAABAAEAAAIBRAA7",Save this home
"{""@type"":""SingleFamilyResidence"",""@context"":""http://schema.org"",""name"":""11125 123rd St, Jamaica, NY 11420"",""floorSize"":{""@type"":""QuantitativeValue"",""@context"":""http://schema.org"",""value"":""1,220""},""numberOfRooms"":3,""address"":{""@type"":""PostalAddress"",""@context"":""http://schema.org"",""streetAddress"":""11125 123rd St"",""addressLocality"":""Jamaica"",""addressRegion"":""NY"",""postalCode"":""11420""},""geo"":{""@type"":""GeoCoordinates"",""@context"":""http://schema.org"",""latitude"":40.680875,""longitude"":-73.817194},""url"":""/homedetails/11125-123rd-St-Jamaica-NY-11420/32172375_zpid/""}",https://www.zillow.com/homedetails/11125-123rd-St-Jamaica-NY-11420/32172375_zpid/,"11125 123rd St, Jamaica, NY 11420",House for rent,"$2,500/mo",3,bds,1.5,ba,"1,220",sqft,85 days ago,"data:image/gif;base64,R0lGODlhAQABAIAAAAAAAP///yH5BAEAAAAALAAAAAABAAEAAAIBRAA7",Save this home
"{""@type"":""SingleFamilyResidence"",""@context"":""http://schema.org"",""name"":""13048 128th St # 2, Jamaica, NY 11420"",""floorSize"":{""@type"":""QuantitativeValue"",""@context"":""http://schema.org"",""value"":""1,400""},""numberOfRooms"":3,""address"":{""@type"":""PostalAddress"",""@context"":""http://schema.org"",""streetAddress"":""13048 128th St # 2"",""addressLocality"":""Jamaica"",""addressRegion"":""NY"",""postalCode"":""11420""},""geo"":{""@type"":""GeoCoordinates"",""@context"":""http://schema.org"",""latitude"":40.671169,""longitude"":-73.811309},""url"":""/homedetails/13048-128th-St-2-Jamaica-NY-11420/2084286446_zpid/""}",https://www.zillow.com/homedetails/13048-128th-St-2-Jamaica-NY-11420/2084286446_zpid/,"13048 128th St # 2, Jamaica, NY 11420",Apartment for rent,"$2,500/mo",3,bds,1,ba,"1,400",sqft,86 days ago,"data:image/gif;base64,R0lGODlhAQABAIAAAAAAAP///yH5BAEAAAAALAAAAAABAAEAAAIBRAA7",Save this home
"{""@type"":""SingleFamilyResidence"",""@context"":""http://schema.org"",""name"":""122nd Pl, Jamaica, NY 11420"",""floorSize"":{""@type"":""QuantitativeValue"",""@context"":""http://schema.org"",""value"":""1,400""},""numberOfRooms"":3,""address"":{""@type"":""PostalAddress"",""@context"":""http://schema.org"",""streetAddress"":""122nd Pl"",""addressLocality"":""Jamaica"",""addressRegion"":""NY"",""postalCode"":""11420""},""geo"":{""@type"":""GeoCoordinates"",""@context"":""http://schema.org"",""latitude"":40.6717,""longitude"":-73.81663},""url"":""/homedetails/122nd-Pl-Jamaica-NY-11420/2087872449_zpid/""}",https://www.zillow.com/homedetails/122nd-Pl-Jamaica-NY-11420/2087872449_zpid/,"122nd Pl, Jamaica, NY 11420",House for rent,"$2,300/mo",3,bds,2,ba,"1,400",sqft,86 days ago,"data:image/gif;base64,R0lGODlhAQABAIAAAAAAAP///yH5BAEAAAAALAAAAAABAAEAAAIBRAA7",Save this home
"{""@type"":""SingleFamilyResidence"",""@context"":""http://schema.org"",""name"":""13526 118th St # 2, Jamaica, NY 11420"",""floorSize"":{""@type"":""QuantitativeValue"",""@context"":""http://schema.org"",""value"":""1,075""},""numberOfRooms"":3,""address"":{""@type"":""PostalAddress"",""@context"":""http://schema.org"",""streetAddress"":""13526 118th St # 2"",""addressLocality"":""Jamaica"",""addressRegion"":""NY"",""postalCode"":""11420""},""geo"":{""@type"":""GeoCoordinates"",""@context"":""http://schema.org"",""latitude"":40.670014,""longitude"":-73.822334},""url"":""/homedetails/13526-118th-St-2-Jamaica-NY-11420/2084287509_zpid/""}",https://www.zillow.com/homedetails/13526-118th-St-2-Jamaica-NY-11420/2084287509_zpid/,"13526 118th St # 2, Jamaica, NY 11420",Apartment for rent,"$2,200/mo",3,bds,1,ba,"1,075",sqft,86 days ago,"data:image/gif;base64,R0lGODlhAQABAIAAAAAAAP///yH5BAEAAAAALAAAAAABAAEAAAIBRAA7",Save this home
"{""@type"":""SingleFamilyResidence"",""@context"":""http://schema.org"",""name"":""122nd Pl, South Ozone Park, NY 11420"",""floorSize"":{""@type"":""QuantitativeValue"",""@context"":""http://schema.org"",""value"":""900""},""numberOfRooms"":2,""address"":{""@type"":""PostalAddress"",""@context"":""http://schema.org"",""streetAddress"":""122nd Pl"",""addressLocality"":""South Ozone Park"",""addressRegion"":""NY"",""postalCode"":""11420""},""geo"":{""@type"":""GeoCoordinates"",""@context"":""http://schema.org"",""latitude"":40.6717,""longitude"":-73.81663},""url"":""/homedetails/122nd-Pl-South-Ozone-Park-NY-11420/2087872446_zpid/""}",https://www.zillow.com/homedetails/122nd-Pl-South-Ozone-Park-NY-11420/2087872446_zpid/,"122nd Pl, South Ozone Park, NY 11420",Apartment for rent,"$2,100/mo",2,bds,1,ba,900,sqft,86 days ago,"data:image/gif;base64,R0lGODlhAQABAIAAAAAAAP///yH5BAEAAAAALAAAAAABAAEAAAIBRAA7",Save this home
"{""@type"":""SingleFamilyResidence"",""@context"":""http://schema.org"",""name"":""12403 149th Ave # 2, South Ozone Park, NY 11420"",""floorSize"":{""@type"":""QuantitativeValue"",""@context"":""http://schema.org"",""value"":""1,000""},""numberOfRooms"":3,""address"":{""@type"":""PostalAddress"",""@context"":""http://schema.org"",""streetAddress"":""12403 149th Ave # 2"",""addressLocality"":""South Ozone Park"",""addressRegion"":""NY"",""postalCode"":""11420""},""geo"":{""@type"":""GeoCoordinates"",""@context"":""http://schema.org"",""latitude"":40.66773,""longitude"":-73.81593},""url"":""/homedetails/12403-149th-Ave-2-South-Ozone-Park-NY-11420/2099032988_zpid/""}",https://www.zillow.com/homedetails/12403-149th-Ave-2-South-Ozone-Park-NY-11420/2099032988_zpid/,"12403 149th Ave # 2, South Ozone Park, NY 11420",Apartment for rent,"$2,600/mo",3,bds,2,ba,"1,000",sqft,90 days ago,"data:image/gif;base64,R0lGODlhAQABAIAAAAAAAP///yH5BAEAAAAALAAAAAABAAEAAAIBRAA7",Save this home
"{""@type"":""SingleFamilyResidence"",""@context"":""http://schema.org"",""name"":""123rd St, South Ozone Park, NY 11420"",""floorSize"":{""@type"":""QuantitativeValue"",""@context"":""http://schema.org""},""numberOfRooms"":2,""address"":{""@type"":""PostalAddress"",""@context"":""http://schema.org"",""streetAddress"":""123rd St"",""addressLocality"":""South Ozone Park"",""addressRegion"":""NY"",""postalCode"":""11420""},""geo"":{""@type"":""GeoCoordinates"",""@context"":""http://schema.org"",""latitude"":40.67801,""longitude"":-73.8161},""url"":""/homedetails/123rd-St-South-Ozone-Park-NY-11420/2083020609_zpid/""}",https://www.zillow.com/homedetails/123rd-St-South-Ozone-Park-NY-11420/2083020609_zpid/,"123rd St, South Ozone Park, NY 11420",Apartment for rent,"$2,000/mo",2,bds,1,ba,--,sqft,97 days ago,"data:image/gif;base64,R0lGODlhAQABAIAAAAAAAP///yH5BAEAAAAALAAAAAABAAEAAAIBRAA7",Save this home
"{""@type"":""SingleFamilyResidence"",""@context"":""http://schema.org"",""name"":""11402 135th Ave # 2, S Ozone Park, NY 11420"",""floorSize"":{""@type"":""QuantitativeValue"",""@context"":""http://schema.org""},""numberOfRooms"":3,""address"":{""@type"":""PostalAddress"",""@context"":""http://schema.org"",""streetAddress"":""11402 135th Ave # 2"",""addressLocality"":""S Ozone Park"",""addressRegion"":""NY"",""postalCode"":""11420""},""geo"":{""@type"":""GeoCoordinates"",""@context"":""http://schema.org"",""latitude"":40.671264,""longitude"":-73.826285},""url"":""/homedetails/11402-135th-Ave-2-S-Ozone-Park-NY-11420/2083088877_zpid/""}",https://www.zillow.com/homedetails/11402-135th-Ave-2-S-Ozone-Park-NY-11420/2083088877_zpid/,"11402 135th Ave # 2, S Ozone Park, NY 11420",Condo for rent,"$3,000/mo",3,bds,2,ba,--,sqft,103 days ago,"data:image/gif;base64,R0lGODlhAQABAIAAAAAAAP///yH5BAEAAAAALAAAAAABAAEAAAIBRAA7",Save this home
"{""@type"":""SingleFamilyResidence"",""@context"":""http://schema.org"",""name"":""12603 115th Ave, Jamaica, NY 11420"",""floorSize"":{""@type"":""QuantitativeValue"",""@context"":""http://schema.org"",""value"":""1,632""},""numberOfRooms"":3,""address"":{""@type"":""PostalAddress"",""@context"":""http://schema.org"",""streetAddress"":""12603 115th Ave"",""addressLocality"":""Jamaica"",""addressRegion"":""NY"",""postalCode"":""11420""},""geo"":{""@type"":""GeoCoordinates"",""@context"":""http://schema.org"",""latitude"":40.679055,""longitude"":-73.813343},""url"":""/homedetails/12603-115th-Ave-Jamaica-NY-11420/32173295_zpid/""}",https://www.zillow.com/homedetails/12603-115th-Ave-Jamaica-NY-11420/32173295_zpid/,"12603 115th Ave, Jamaica, NY 11420",House for rent,"$2,200/mo",3,bds,1,ba,"1,632",sqft,106 days ago,"data:image/gif;base64,R0lGODlhAQABAIAAAAAAAP///yH5BAEAAAAALAAAAAABAAEAAAIBRAA7",Save this home
"{""@type"":""SingleFamilyResidence"",""@context"":""http://schema.org"",""name"":""13312 123rd St, Jamaica, NY 11420"",""floorSize"":{""@type"":""QuantitativeValue"",""@context"":""http://schema.org"",""value"":""2,000""},""numberOfRooms"":3,""address"":{""@type"":""PostalAddress"",""@context"":""http://schema.org"",""streetAddress"":""13312 123rd St"",""addressLocality"":""Jamaica"",""addressRegion"":""NY"",""postalCode"":""11420""},""geo"":{""@type"":""GeoCoordinates"",""@context"":""http://schema.org"",""latitude"":40.671171,""longitude"":-73.816126},""url"":""/homedetails/13312-123rd-St-Jamaica-NY-11420/32176239_zpid/""}",https://www.zillow.com/homedetails/13312-123rd-St-Jamaica-NY-11420/32176239_zpid/,"13312 123rd St, Jamaica, NY 11420",House for rent,"$4,500/mo",3,bds,3.5,ba,"2,000",sqft,107 days ago,"data:image/gif;base64,R0lGODlhAQABAIAAAAAAAP///yH5BAEAAAAALAAAAAABAAEAAAIBRAA7",Save this home
"{""@type"":""SingleFamilyResidence"",""@context"":""http://schema.org"",""name"":""14918 116th St, Jamaica, NY 11420"",""floorSize"":{""@type"":""QuantitativeValue"",""@context"":""http://schema.org"",""value"":""1,122""},""numberOfRooms"":2,""address"":{""@type"":""PostalAddress"",""@context"":""http://schema.org"",""streetAddress"":""14918 116th St"",""addressLocality"":""Jamaica"",""addressRegion"":""NY"",""postalCode"":""11420""},""geo"":{""@type"":""GeoCoordinates"",""@context"":""http://schema.org"",""latitude"":40.668745,""longitude"":-73.82466},""url"":""/homedetails/14918-116th-St-Jamaica-NY-11420/32178453_zpid/""}",https://www.zillow.com/homedetails/14918-116th-St-Jamaica-NY-11420/32178453_zpid/,"14918 116th St, Jamaica, NY 11420",House for rent,"$2,000/mo",2,bds,1,ba,"1,122",sqft,175 days ago,"data:image/gif;base64,R0lGODlhAQABAIAAAAAAAP///yH5BAEAAAAALAAAAAABAAEAAAIBRAA7",Save this home
"{""@type"":""SingleFamilyResidence"",""@context"":""http://schema.org"",""name"":""12908 133rd Ave # 2, S Ozone Park, NY 11420"",""floorSize"":{""@type"":""QuantitativeValue"",""@context"":""http://schema.org"",""value"":""1,000""},""numberOfRooms"":3,""address"":{""@type"":""PostalAddress"",""@context"":""http://schema.org"",""streetAddress"":""12908 133rd Ave # 2"",""addressLocality"":""S Ozone Park"",""addressRegion"":""NY"",""postalCode"":""11420""},""geo"":{""@type"":""GeoCoordinates"",""@context"":""http://schema.org"",""latitude"":40.670143,""longitude"":-73.810038},""url"":""/homedetails/12908-133rd-Ave-2-S-Ozone-Park-NY-11420/2084719914_zpid/""}",https://www.zillow.com/homedetails/12908-133rd-Ave-2-S-Ozone-Park-NY-11420/2084719914_zpid/,"12908 133rd Ave # 2, S Ozone Park, NY 11420",Apartment for rent,"$2,700/mo",3,bds,3,ba,"1,000",sqft,214 days ago,"data:image/gif;base64,R0lGODlhAQABAIAAAAAAAP///yH5BAEAAAAALAAAAAABAAEAAAIBRAA7",Save this home
"{""@type"":""SingleFamilyResidence"",""@context"":""http://schema.org"",""name"":""134th St, S Ozone Park, NY 11420"",""floorSize"":{""@type"":""QuantitativeValue"",""@context"":""http://schema.org""},""numberOfRooms"":3,""address"":{""@type"":""PostalAddress"",""@context"":""http://schema.org"",""streetAddress"":""134th St"",""addressLocality"":""S Ozone Park"",""addressRegion"":""NY"",""postalCode"":""11420""},""geo"":{""@type"":""GeoCoordinates"",""@context"":""http://schema.org"",""latitude"":40.67462,""longitude"":-73.80451},""url"":""/homedetails/134th-St-S-Ozone-Park-NY-11420/2084911764_zpid/""}",https://www.zillow.com/homedetails/134th-St-S-Ozone-Park-NY-11420/2084911764_zpid/,"134th St, S Ozone Park, NY 11420",House for rent,"$2,200/mo",3,bds,1,ba,--,sqft,226 days ago,"data:image/gif;base64,R0lGODlhAQABAIAAAAAAAP///yH5BAEAAAAALAAAAAABAAEAAAIBRAA7",Save this home
"{""@type"":""SingleFamilyResidence"",""@context"":""http://schema.org"",""name"":""12607 150th Ave, Jamaica, NY 11420"",""floorSize"":{""@type"":""QuantitativeValue"",""@context"":""http://schema.org"",""value"":""1,800""},""numberOfRooms"":5,""address"":{""@type"":""PostalAddress"",""@context"":""http://schema.org"",""streetAddress"":""12607 150th Ave"",""addressLocality"":""Jamaica"",""addressRegion"":""NY"",""postalCode"":""11420""},""geo"":{""@type"":""GeoCoordinates"",""@context"":""http://schema.org"",""latitude"":40.665762,""longitude"":-73.814255},""url"":""/homedetails/12607-150th-Ave-Jamaica-NY-11420/55732526_zpid/""}",https://www.zillow.com/homedetails/12607-150th-Ave-Jamaica-NY-11420/55732526_zpid/,"12607 150th Ave, Jamaica, NY 11420",House for rent,"$8,000/mo",5,bds,13,ba,"1,800",sqft,253 days ago,"data:image/gif;base64,R0lGODlhAQABAIAAAAAAAP///yH5BAEAAAAALAAAAAABAAEAAAIBRAA7",Save this home
"{""@type"":""SingleFamilyResidence"",""@context"":""http://schema.org"",""name"":""11136 131st St # 1, S Ozone Park, NY 11420"",""floorSize"":{""@type"":""QuantitativeValue"",""@context"":""http://schema.org""},""numberOfRooms"":3,""address"":{""@type"":""PostalAddress"",""@context"":""http://schema.org"",""streetAddress"":""11136 131st St # 1"",""addressLocality"":""S Ozone Park"",""addressRegion"":""NY"",""postalCode"":""11420""},""geo"":{""@type"":""GeoCoordinates"",""@context"":""http://schema.org"",""latitude"":40.682201,""longitude"":-73.811315},""url"":""/homedetails/11136-131st-St-1-S-Ozone-Park-NY-11420/2085469352_zpid/""}",https://www.zillow.com/homedetails/11136-131st-St-1-S-Ozone-Park-NY-11420/2085469352_zpid/,"11136 131st St # 1, S Ozone Park, NY 11420",Apartment for rent,"$2,400/mo",3,bds,1,ba,--,sqft,261 days ago,"data:image/gif;base64,R0lGODlhAQABAIAAAAAAAP///yH5BAEAAAAALAAAAAABAAEAAAIBRAA7",Save this home
"{""@type"":""SingleFamilyResidence"",""@context"":""http://schema.org"",""name"":""126th St, Jamaica, NY 11420"",""floorSize"":{""@type"":""QuantitativeValue"",""@context"":""http://schema.org"",""value"":""1,200""},""numberOfRooms"":3,""address"":{""@type"":""PostalAddress"",""@context"":""http://schema.org"",""streetAddress"":""126th St"",""addressLocality"":""Jamaica"",""addressRegion"":""NY"",""postalCode"":""11420""},""geo"":{""@type"":""GeoCoordinates"",""@context"":""http://schema.org"",""latitude"":40.67103,""longitude"":-73.81299},""url"":""/homedetails/126th-St-Jamaica-NY-11420/2086719037_zpid/""}",https://www.zillow.com/homedetails/126th-St-Jamaica-NY-11420/2086719037_zpid/,"126th St, Jamaica, NY 11420",Apartment for rent,"$2,250/mo",3,bds,2,ba,"1,200",sqft,267 days ago,"data:image/gif;base64,R0lGODlhAQABAIAAAAAAAP///yH5BAEAAAAALAAAAAABAAEAAAIBRAA7",Save this home